cn_country,en_country,country_code,unreg_u30_2020,unreg_30_80_2020,unreg_a80_2020,reg_0_150_2020,reg_0_150_piece_2020,reg_150_300_2020,reg_150_300_piece_2020,reg_a300_2020,reg_a300_piece_2020,unreg_u30_2019,unreg_30_80_2019,unreg_a80_2019,reg_0_150_2019,reg_0_150_piece_2019,reg_150_300_2019,reg_150_300_piece_2019,reg_a300_2019,reg_a300_piece_2019
根西岛（英）,Guernsey,GG,7.7,76.38,57.16,54.49,21.36,54.49,21.36,54.49,21.36,9,102,81.5,130,14.5,130,14.5,130,14.5
科克群岛（新）,Cook Islands,CK,8.32,104.33,85.1,87.71,26.33,87.71,26.33,87.71,26.33,9,102,81.5,103.5,14.5,103.5,14.5,103.5,14.5
乌拉圭,Uruguay,UY,8.31,103.82,84.59,83.17,21.36,83.17,21.36,83.17,21.36,8.5,103.5,84,100,17,100,17,100,17
泽西岛（英）,Jersey,JE,8.95,83.43,60.73,57.26,20.36,57.26,20.36,57.26,20.36,9,102,81.5,130,14.5,130,14.5,130,14.5
斯洛伐克,Slovakia,SK,7.31,64.67,47.86,53,15.5,54,14.5,43,16,7.32,67.29,47.86,55,14.5,55,14.5,44,16
匈牙利,Hungary,HU,7.16,69.37,51.61,77,15,54,16.5,49,17.5,7.01,70.71,52.78,80,13,52,16.3,47,17.5
捷克,Czech Republic,CZ,7.02,66.61,49.11,69,14.5,55,14.5,52,14.5,6.86,67.93,50.25,75,12.8,55,14.5,52,14.5
阿曼,Oman,OM,7.69,75.97,56.74,54.05,21.36,54.05,21.36,54.05,21.36,7.5,75,56,76,17,76,17,76,17
直布罗陀（英海外属地）,Gibraltar,GI,9.24,146.21,126.98,132.16,21.2,132.16,21.2,132.16,21.2,9,102,81.5,118,14.5,118,14.5,118,14.5
安圭拉岛（英海外属地）,Anguilla,AI,9.3,148.95,129.72,135.03,23.43,135.03,23.43,135.03,23.43,9,102,81.5,130,14.5,130,14.5,130,14.5
百慕大群岛（英海外属地）,Bermuda,BM,9.3,148.95,129.72,135.03,23.43,135.03,23.43,135.03,23.43,9,102,81.5,130,14.5,130,14.5,130,14.5
蒙特塞拉特岛（英海外属地）,Montserrat,MS,9.3,148.95,129.72,135.03,23.43,135.03,23.43,135.03,23.43,9,102,81.5,130,14.5,130,14.5,130,14.5
波黑,Bosnia And Herzegovina,BA,9.31,149.32,130.1,132.63,23.99,132.63,23.99,132.63,23.99,9,102,81.5,118,14.5,118,14.5,118,14.5
纽埃岛（新）,Niue,NU,9.36,85.78,61.93,58.2,23.01,58.2,23.01,58.2,23.01,9,102,81.5,103.5,14.5,103.5,14.5,103.5,14.5
南苏丹,South Sudan,SS,9.36,85.78,61.93,58.2,23.01,58.2,23.01,58.2,23.01,9,102,81.5,130,14.5,130,14.5,130,14.5
托克劳（新）,Tokelau,TK,9.36,85.78,61.93,58.2,23.01,58.2,23.01,58.2,23.01,9,102,81.5,103.5,14.5,103.5,14.5,103.5,14.5
波多黎各(美),Puerto Rico (United States),PR,9.38,152.44,133.21,134,21.36,134,21.36,134,21.36,9,102,81.5,130,14.5,130,14.5,130,14.5
爱沙尼亚,Estonia,EE,8.95,88.93,66.6,63.51,19.11,63.51,19.11,63.51,19.11,8.5,84.5,64,50,17.5,60.5,17.5,60.5,17.5
巴西,Brazil,BR,7.5,100,71.25,84,17.5,84,17.5,77,17.5,7,87.37,71.35,85,15,85,15,74,17
阿拉伯联合酋长国,United Arab Emirates,AE,7.52,67.86,48.63,45.57,21.36,45.57,21.36,45.57,21.36,7,100,100,122,12.5,122,12.5,122,12.5
荷属安的列斯群岛,Netherlands Antilles,AN,9.71,118.66,95.99,94.14,22.58,94.14,22.58,94.14,22.58,9,102,81.5,130,14.5,130,14.5,130,14.5
圣多美和普林西比民主共和国,Sao Tome and Principe,ST,9.74,102.96,79.1,76.16,23.01,76.16,23.01,76.16,23.01,9,102,81.5,100,16.5,100,16.5,100,16.5
哥斯达黎加,Costa Rica,CR,9.76,108.92,85.41,82.84,22.88,82.84,22.88,82.84,22.88,9,102,81.5,100,16.5,100,16.5,100,16.5
罗马尼亚,Romania,RO,7.63,73.16,53.94,51.12,21.36,51.12,21.36,51.12,21.36,7,68,51,85.5,16.5,85.5,16.5,85.5,16.5
特立尼达和多巴哥,Trinidad And Tobago,TT,8.19,98.74,79.51,77.86,21.36,77.86,21.36,77.86,21.36,7.5,91.5,75.5,100,16.5,100,16.5,100,16.5
立陶宛,Lithuania,LT,7.15,72.81,55.02,54,25,54,25,54,25,6.52,71.1,55.02,53,23,53,23,53,23
塞尔维亚,Serbia,RS,7.69,75.64,56.41,53.71,21.36,53.71,21.36,53.71,21.36,7,70.5,53.5,66.5,16.5,66.5,16.5,66.5,16.5
牙买加,Jamaica,JM,8.25,101.31,82.08,80.55,21.36,80.55,21.36,80.55,21.36,7.5,94,78,100,16.5,100,16.5,100,16.5
爱尔兰,Ireland,IE,8.81,75.56,53,54,25.5,54,25.5,52,25.5,8,73,53,42.5,25.5,49,26,49,26
俄罗斯,Russian Federation,RU,7.05,68.55,50.63,58,24,58,23,53.5,23,6.39,66.71,50.63,60,21,60,20.5,52.5,21.5
诺福克岛（澳）,Norfolk Island,NF,9.97,113.73,89.87,87.71,26.33,87.71,26.33,87.71,26.33,9,102,81.5,119,12.5,119,12.5,119,12.5
格林纳达,Grenada,GD,8.34,105.53,86.31,87.72,22.58,87.72,22.58,87.72,22.58,7.5,74.5,56,100,16.5,100,16.5,100,16.5
泰国,Thailand,TH,7.24,55.49,36.27,32.65,18.01,32.65,18.01,32.65,18.01,6.5,50.5,34,29,21,29,21,29,21
南非,South Africa,ZA,7.83,81.98,62.76,60.34,21.36,60.34,21.36,60.34,21.36,7,75,59,55,18,56.5,18,56.5,18
希腊,Greece,GR,8.96,82.19,59.36,55.8,29.33,55.8,29.33,55.8,29.33,8,75,55.5,42.5,25,51.5,25.5,51.5,25.5
博茨瓦纳,Botswana,BW,7.87,83.86,64.64,62.31,21.36,62.31,21.36,62.31,21.36,7,77,61,100,16.5,100,16.5,100,16.5
马来西亚,Malaysia,MY,7.32,59.15,39.93,36.47,18.01,36.47,18.01,36.47,18.01,6.5,54.5,37.5,50,16.5,50,16.5,50,16.5
美国,United States,US,8.16,78.77,56.79,55,20,54,20,53,20,7.21,74.96,56.79,53,18,53,18,53,18
哈萨克斯坦,Kazakhstan,KZ,6.92,55,41.56,43.48,21.42,43.48,21.42,43.48,21.42,6.11,57.64,41.56,47.5,16.4,47.5,16.4,47.5,16.4
塞浦路斯,Cyprus,CY,7.93,86.91,67.69,65.5,28.05,65.5,28.05,65.5,28.05,7,80,64,55,24,55,24,55,24
墨西哥,Mexico,MX,7.22,76.11,57.63,73,22.3,64,23,59,24,6.37,72.94,57.63,75,19.5,75,17.5,73,17.5
苏里南,Suriname,SR,10.79,150.88,127.02,126.26,23.01,126.26,23.01,126.26,23.01,9.5,138.5,120,115,16.5,120.5,19,120.5,19
土耳其,Turkey,TR,7.34,69.91,50.6,53.87,21.67,53.87,21.67,53.87,21.67,6.45,66.9,50.6,70,15,50,16.7,45,17.5
加蓬,Gabon,GA,8.01,90.26,71.04,69,21.36,69,21.36,69,21.36,7,83.5,67,100,16.5,100,16.5,100,16.5
巴拿马,Panama,PA,8.01,90.26,71.04,69,21.36,69,21.36,69,21.36,7,83.5,67,100,16.5,100,16.5,100,16.5
斯洛文尼亚,Slovenia,SI,9.17,89.67,66.69,63.42,18.79,63.42,18.79,63.42,18.79,8,84,63.5,57,15.5,60,17,60,17
阿根廷,Argentina,AR,9.75,103.32,79.46,76.53,23.01,76.53,23.01,76.53,23.01,8.5,93.5,74.5,65,19,71.5,19,71.5,19
乌克兰,Ukraine,UA,7.41,72.5,52.92,54,18.3,53,18.3,50,19,6.46,69,52.92,53,16.3,53,16,50,16.5
白俄罗斯,Belarus,BY,7.4,71.52,53.16,63,16,55,16,49,17,6.43,67.94,51.86,65,14,57,15,47,16
科威特,Kuwait,KW,7.52,68.05,48.82,45.78,21.36,45.78,21.36,45.78,21.36,6.5,61.5,45.5,100,16.5,100,16.5,100,16.5
塞舌尔,Seychelles,SC,8.1,94.53,75.31,73.46,21.36,73.46,21.36,73.46,21.36,7,87.5,71.5,100,16.5,100,16.5,100,16.5
美属萨摩亚（美）,American Samoa,AS,10.42,133.95,110.09,107.6,22.58,107.6,22.58,107.6,22.58,9,102,81.5,119,12.5,119,12.5,119,12.5
古巴,Cuba,CU,8.12,95.22,75.99,74.18,21.36,74.18,21.36,74.18,21.36,7,88,72,100,16.5,100,16.5,100,16.5
马耳他,Malta,MT,8.12,81.58,61.38,58.64,28.39,58.64,28.39,58.64,28.39,7,74.5,57.5,85.5,23,85.5,23,85.5,23
毛里求斯,Mauritius,MU,8.12,95.34,76.12,74.31,21.36,74.31,21.36,74.31,21.36,7,88.5,72,100,16.5,100,16.5,100,16.5
安提瓜和巴布达,Antigua And Barbuda,AG,8.14,96.18,76.95,75.18,21.36,75.18,21.36,75.18,21.36,7,89,73,100,16.5,100,16.5,100,16.5
加拿大,Canada,CA,8.84,81.6,56.97,59,19,59,19,58,19,7.59,76.4,56.97,70,15.8,60,16.3,54,18
圣赫勒拿岛（英）,Saint Helena,SH,10.49,137.17,113.31,112.88,23.43,112.88,23.43,112.88,23.43,9,102,81.5,100,16.5,100,16.5,100,16.5
法国,France,FR,8.7,70,54.14,67,13,49.23,15.37,49.23,15.37,7.44,73.36,54.14,68,12,58,13,58,13
保加利亚,Bulgaria,BG,7.63,72.99,53.77,50.94,21.36,50.94,21.36,50.94,21.36,6.5,66.5,50,85.5,16.5,85.5,16.5,85.5,16.5
新加坡,Singapore,SG,7.64,59.71,39.52,35.78,18.35,35.78,18.35,35.78,18.35,6.5,53,36,28.5,17,28.5,17,28.5,17
西班牙,Spain,ES,8.84,78.85,56.44,53,20,53,20,53,20,7.52,73.88,54.45,50,18,50,18,50,18
安道尔,Andorra,AD,10.63,143.45,119.59,118.78,23.14,118.78,23.14,118.78,23.14,9,102,81.5,130,14.5,130,14.5,130,14.5
英国,United Kingdom,GB,8.86,78.87,56.1,51,17.5,51,17.5,50,17.5,7.49,73.11,53.68,52,15.5,51,15.5,50,15.5
圣诞岛,Christmas Island,CX,10.65,144.3,120.44,119.38,23.01,119.38,23.01,119.38,23.01,9,102,81.5,130,14.5,130,14.5,130,14.5
阿鲁巴岛,Aruba,AW,7.7,76.38,57.16,54.49,28.05,54.49,28.05,54.49,28.05,6.5,69.5,53.5,130,14.5,130,14.5,130,14.5
斐济,Fiji,FJ,7.7,76.39,57.17,54.5,21.36,54.5,21.36,54.5,21.36,6.5,69.5,53.5,100,16.5,100,16.5,100,16.5
黑山,Montenegro,ME,7.7,76.38,57.16,54.49,21.36,54.49,21.36,54.49,21.36,6.5,69.5,53.5,100,16.5,100,16.5,100,16.5
挪威,Norway,NO,8.79,70,51,53,19.3,53,19.3,53,19.3,7.42,71.62,52.28,55,17,50,17.5,48,18
智利,Chile,CL,8.36,92.18,71,97,18,84,18,77,18,7.04,86.34,70.04,100,14,100,12,85,14.5
波兰,Poland,PL,8.13,70,49.67,64,15,58,15,50,16,6.82,67.26,49.67,65,13,60,13,52,14.5
德国,Germany,DE,8.78,75,52.53,58,15.8,52,16,49,16.5,7.36,71.63,52.53,60,15,53,16,48,17
新喀里多尼亚群岛（法）,New Caledonia,NC,10.75,148.96,125.1,108,30.2,108,30.2,108,30.2,9,102,81.5,103.5,14.5,103.5,14.5,103.5,14.5
芬兰,Finland,FI,8.96,70,53.95,63,24.3,59,25.1,55,25.1,7.5,73.38,53.95,65,21.5,60,22,52,23
丹麦,Denmark,DK,8.95,70,53.18,58,25.5,57,25.5,54,25.5,7.48,72.61,53.18,60,22,53,23,48,24
比利时,Belgium,BE,8.87,70,51.32,55,25.4,55,25.4,51,25.4,7.41,70.72,51.32,57,22.5,52,22.5,48,23
澳大利亚,Australia,AU,8.92,77.42,52.19,63,16.5,58,16.5,55,16,7.45,71.62,52.19,65,14.5,54,16,54,16
瑞士,Switzerland,CH,8.93,70,52.37,59,25,57,25,54,25.5,7.45,71.8,52.37,52,23,52,23,48,23.5
卡塔尔,Qatar,QA,9.6,79.56,54.51,50.13,23.43,50.13,23.43,50.13,23.43,8,70,49.5,100,15,100,17,100,17
荷兰,Netherlands,NL,8.92,73,54,50,20,50,20,50,20,7.43,72.26,52.98,50,17.5,50,17.5,48,18
奥地利,Austria,AT,8.89,70,50.58,54,26,51,26,49,26,7.4,70.01,50.58,55,23,47,23.5,46,23.5
瑞典,Sweden,SE,8.92,70,54.51,55,27,54,27,53,27,7.37,71.04,51.82,57,22.5,54,22.5,48,23
克罗地亚,Croatia,HR,9.7,88.5,63.73,59.84,19.43,59.84,19.43,59.84,19.43,8,79.5,59,77,15.5,77,15.5,77,15.5
黎巴嫩,Lebanon,LB,9.71,84.66,59.61,55.46,30.12,55.46,30.12,55.46,30.12,8,75,54.5,50,24.5,50,24.5,50,24.5
巴林,Bahrain,BH,7.89,70.89,50.69,47.46,21.7,47.46,21.7,47.46,21.7,6.5,62.5,46,104.5,15,104.5,17,104.5,17
卢森堡,Luxembourg,LU,9.72,86.89,61.97,57.96,30.08,57.96,30.08,57.96,30.08,8,77,57,46,26,52.5,26,52.5,26
新西兰,New Zealand,NZ,8.8,70,56.08,69,8.5,63,8.5,61,8.5,7.22,71.82,53.25,70,8,62.78,8,62.78,8
葡萄牙,Portugal,PT,9.77,87.7,62.65,58,19,57,19,57,19,8,78,57.5,50,17.5,52,18,52,18
留尼汪岛,Reunion Island,RE,11,230,200,205,20.5,205,20.5,205,20.5,9,102,81.5,130,14.5,130,14.5,130,14.5
西撒哈拉,Western Sahara,EH,11,230,200,205,20.5,205,20.5,205,20.5,9,102,81.5,130,14.5,130,14.5,130,14.5
日本,Japan,JP,8.6,50,37.38,39,26,39,26,39,26,7,56.81,37.38,40,23,40,22,34,23
冰岛,Iceland,IS,9.88,92.48,67.43,63.63,30.12,63.63,30.12,63.63,30.12,8,81,61.5,51,25,51,25,51,25
沙特阿拉伯,Saudi Arabia,SA,9.37,86.13,62.27,58.56,23.01,58.56,23.01,58.56,23.01,7.5,75.5,56.5,46.5,19,53,19,53,19
意大利,Italy,IT,8.57,70,50.24,53,24.8,53,24.8,52,24.8,6.83,67.83,50.24,55,22,49,22.5,47,23
以色列,Israel,IL,8.91,81.53,59.1,59,18.5,59,18.5,57.5,19,7.08,73.36,55.49,61,16,57,16.5,53,17
开曼群岛（英海外属地）,Cayman Islands,KY,11.34,160.52,135.59,135.03,23.43,135.03,23.43,135.03,23.43,9,102,81.5,130,14.5,130,14.5,130,14.5
韩国,Korea (South),KR,7.57,56.51,36.32,32.43,18.35,32.43,18.35,32.43,18.35,6,49.5,33,28,16,28,16,28,16
圭亚那,Guyana,GY,9.62,97.64,73.78,70.6,23.01,70.6,23.01,70.6,23.01,7.5,83,66,100,16.5,100,16.5,100,16.5
巴哈马国,Bahamas,BS,8.34,105.53,86.31,87.72,22.58,87.72,22.58,87.72,22.58,6.5,69.5,53.5,130,14.5,130,14.5,130,14.5
圣卢西亚,Saint lucia,LC,8.34,105.53,86.31,87.72,22.58,87.72,22.58,87.72,22.58,6.5,69.5,53.5,100,16.5,100,16.5,100,16.5
巴巴多斯,Barbados,BB,9.65,150.91,130.72,135.03,23.43,135.03,23.43,135.03,23.43,7.5,90,73,100,15,100,17,100,17
法罗群岛（丹）,Faroe Islands,FO,11.64,189.4,165.54,167.49,23.43,167.49,23.43,167.49,23.43,9,102,81.5,118,14.5,118,14.5,118,14.5
文莱,Brunei Darussalam,BN,7.77,79.41,60.19,58.43,21.7,58.43,21.7,58.43,21.7,6,55,39,28,20,35,18,35,18
多哥,Togo,TG,9.89,109.9,86.04,83.41,23.01,83.41,23.01,83.41,23.01,7.5,95,78,100,16.5,100,16.5,100,16.5
拉脱维亚,Latvia,LV,9.9,93.37,68.32,64.56,23.43,64.56,23.43,64.56,23.43,7.5,78,60,50,18,57.5,18.5,57.5,18.5
法属波里尼西亚（法）,French Polynesia,PF,10.75,148.96,125.1,108,30.2,108,30.2,108,30.2,8,76.5,57,103.5,14.5,103.5,14.5,103.5,14.5
摩纳哥,Monaco,MC,10.75,148.77,124.91,124.95,23.41,124.95,23.41,124.95,23.41,8,76.5,57,100,16.5,100,16.5,100,16.5
列支敦士登,Liechtenstein,LI,10.78,150.3,126.44,126.6,23.43,126.6,23.43,126.6,23.43,8,76.5,57,100,16.5,100,16.5,100,16.5
圣马力诺,San Marino,SM,10.78,150.3,126.44,126.6,23.43,126.6,23.43,126.6,23.43,8,76.5,57,100,16.5,100,16.5,100,16.5
马绍尔群岛,Marshall Islands,MH,12.13,194.78,169.73,170.58,23.43,170.58,23.43,170.58,23.43,9,102,81.5,130,14.5,130,14.5,130,14.5
瑙鲁,Nauru,NR,8.78,125.52,106.29,100,31,100,31,100,31,6.5,69.5,53.5,100,16.5,100,16.5,100,16.5
不丹,Bhutan,BT,9.61,97.22,73.36,66.45,21.36,66.45,21.36,66.45,21.36,7,71.5,54.5,100,16.5,100,16.5,100,16.5
布基纳法索,Burkina Faso,BF,9.62,97.53,73.67,70.48,23.01,70.48,23.01,70.48,23.01,7,81.5,65,100,16.5,100,16.5,100,16.5
多米尼克国,Dominica,DM,11,230,200,87.72,22.58,87.72,22.58,87.72,22.58,8,76.5,57,130,14.5,130,14.5,130,14.5
格陵兰（丹）,Greenland,GL,13.5,220,200,205,20.5,205,20.5,205,20.5,9,102,81.5,118,14.5,118,14.5,118,14.5
阿尔及利亚,Algeria,DZ,9.45,89.68,65.82,62.27,23.01,62.27,23.01,62.27,23.01,6,98,96.5,100,16.5,100,16.5,100,16.5
厄瓜多尔,Ecuador,EC,9.82,106.82,82.96,80.19,23.01,80.19,23.01,80.19,23.01,6,98,96.5,100,16.5,100,16.5,100,16.5
哥伦比亚,Colombia,CO,7.46,98,69.4,100,19,106.5,19,106.5,19,3.5,98,96.5,101,19,107.5,19,107.5,19
孟加拉国,Bangladesh,BD,8.99,68.96,45.1,40.61,23.01,40.61,23.01,40.61,23.01,3.5,76,76,100,16.5,100,16.5,100,16.5
印度尼西亚,Indonesia,ID,8.99,69.14,45.28,40.8,29.7,40.8,29.7,40.8,29.7,3.5,59.5,58,31,25,70,19,70,19
菲律宾,Philippines,PH,8.99,69.04,45.18,40.7,23.01,40.7,23.01,40.7,23.01,3.5,59.5,58,50,18,50,18,50,18
柬埔寨,Cambodia,KH,9.01,69.79,45.93,41.48,23.01,41.48,23.01,41.48,23.01,3.5,60,59,47.5,16.5,47.5,16.5,70.5,13
缅甸,Myanmar,MM,9.01,69.74,45.88,41.42,23.01,41.42,23.01,41.42,23.01,3.5,60,59,76,16.5,76,16.5,76,16.5
越南,Vietnam,VT,9.01,69.79,45.93,41.48,23.01,41.48,23.01,41.48,23.01,3.5,60,59,35,25,70.5,13,70.5,13
蒙古,Mongolia,MN,9.08,72.99,49.13,44.83,23.01,44.83,23.01,44.83,23.01,3.5,63.5,62,76,16.5,76,16.5,76,16.5
斯里兰卡,Sri Lanka,LK,9.09,73.63,49.77,45.5,23.01,45.5,23.01,45.5,23.01,3.5,64,62.5,76,16.5,76,16.5,76,16.5
马尔代夫,Maldives,MV,9.1,74.06,50.2,45.94,23.01,45.94,23.01,45.94,23.01,3.5,64.5,63,85.5,16.5,85.5,16.5,85.5,16.5
尼泊尔,Nepal,NP,9.11,74.35,50.49,46.24,23.01,46.24,23.01,46.24,23.01,3.5,65,63.5,76,16.5,76,16.5,76,16.5
印度,India,IN,9.13,75.21,51.35,47.15,23.01,47.15,23.01,47.15,23.01,3.5,65.5,64.5,66.5,16.5,66.5,16.5,66.5,16.5
塔吉克斯坦,Tajikistan,TJ,9.13,75.13,51.27,47.06,23.01,47.06,23.01,47.06,23.01,3.5,65.5,64,85.5,16.5,85.5,16.5,85.5,16.5
土库曼斯坦,Turkmenistan,TM,9.13,75.13,51.27,47.06,23.01,47.06,23.01,47.06,23.01,3.5,65.5,64,100,16.5,100,16.5,100,16.5
乌兹别克斯坦,Uzbekistan,UZ,9.13,75.13,51.27,47.06,23.01,47.06,23.01,47.06,23.01,3.5,65.5,64,100,16.5,100,16.5,100,16.5
巴布亚新几内亚,Papua New Guinea,PG,9.24,80.55,56.69,52.72,23.01,52.72,23.01,52.72,23.01,3.5,71,69.5,76,16.5,76,16.5,76,16.5
埃及,Egypt,EG,9.3,83.13,59.27,55.42,23.01,55.42,23.01,55.42,23.01,3.5,74,72.5,100,16.5,100,16.5,100,16.5
约旦,Jordan,JO,9.33,84.4,60.54,56.75,23.01,56.75,23.01,56.75,23.01,3.5,75,73.5,100,16.5,100,16.5,100,16.5
格鲁吉亚,Georgia,GE,9.34,85.06,61.2,57.44,19.66,57.44,19.66,57.44,19.66,3.5,76,74.5,100,16.5,100,16.5,100,16.5
尼日利亚,Nigeria,NG,9.35,85.26,61.4,57.66,23.01,57.66,23.01,57.66,23.01,3.5,76,74.5,95,16.5,95,16.5,95,16.5
巴基斯坦,Pakistan,PK,9.35,85.2,61.34,57.59,23.01,57.59,23.01,57.59,23.01,3.5,76,74.5,66.5,16.5,66.5,16.5,86.5,13
玻利维亚,Bolivia,BO,9.36,85.78,61.93,58.2,23.01,58.2,23.01,58.2,23.01,3.5,76,76,100,16.5,100,16.5,100,16.5
喀麦隆,Cameroon,CM,9.36,85.78,61.93,58.2,23.01,58.2,23.01,58.2,23.01,3.5,76,76,100,16.5,100,16.5,100,16.5
多米尼加共和国,Dominican,DO,9.36,85.78,61.93,58.2,29.7,58.2,29.7,58.2,29.7,3.5,76,76,130,14.5,130,14.5,130,14.5
利比亚,Libya,LY,9.36,85.78,61.93,58.2,23.01,58.2,23.01,58.2,23.01,3.5,76.5,75,100,16.5,100,16.5,100,16.5
塞拉利昂,Sierra Leone,SL,9.36,85.78,61.93,58.2,23.01,58.2,23.01,58.2,23.01,3.5,98,96.5,100,16.5,100,16.5,100,16.5
所罗门群岛,Solomon Islands,SB,9.36,85.78,61.93,58.2,23.01,58.2,23.01,58.2,23.01,3.5,76.5,75,100,16.5,100,16.5,100,16.5
索马里,Somalia,SO,9.36,85.78,61.93,58.2,23.01,58.2,23.01,58.2,23.01,3.5,76.5,75,100,16.5,100,16.5,100,16.5
苏丹,Sudan,SD,9.36,85.78,61.93,58.2,23.01,58.2,23.01,58.2,23.01,3.5,76.5,75,100,16.5,100,16.5,100,16.5
也门,Yemen,YE,9.36,85.78,61.93,58.2,23.01,58.2,23.01,58.2,23.01,3.5,76.5,75,100,16.5,100,16.5,100,16.5
摩尔多瓦,Moldova,MD,9.38,86.86,63,59.33,23.01,59.33,23.01,59.33,23.01,3.5,77.5,76,100,16.5,100,16.5,100,16.5
突尼斯,Tunisia,TN,9.38,86.86,63,59.33,23.01,59.33,23.01,59.33,23.01,3.5,77.5,76,100,16.5,100,16.5,100,16.5
阿塞拜疆,Azerbaijan,AZ,9.43,89,65.14,61.56,23.01,61.56,23.01,61.56,23.01,3.5,76,76,100,16.5,100,16.5,100,16.5
伊拉克,Iraq,IQ,9.43,89,65.14,61.56,23.01,61.56,23.01,61.56,23.01,3.5,80,78,100,16.5,100,16.5,100,16.5
阿尔巴尼亚,Albania,AL,9.45,90.02,66.16,62.63,29.7,62.63,29.7,62.63,29.7,3.5,98,96.5,100,23,100,23,100,23
摩洛哥,Morocco,MA,9.5,92.2,68.34,64.91,15.98,64.91,15.98,64.91,15.98,3.5,83,81.5,52.5,16.5,52.5,16.5,94,7.5
贝宁,Benin,BJ,9.52,93.26,69.41,66.02,23.01,66.02,23.01,66.02,23.01,3.5,98,96.5,100,16.5,100,16.5,100,16.5
埃塞俄比亚,Ethiopia,ET,9.52,93.26,69.41,66.02,23.01,66.02,23.01,66.02,23.01,3.5,84.5,82.5,100,16.5,100,16.5,100,16.5
赞比亚,Zambia,ZM,9.52,93.26,69.41,66.02,23.01,66.02,23.01,66.02,23.01,3.5,84.5,82.5,100,16.5,100,16.5,100,16.5
津巴布韦,Zimbabwe,ZW,9.52,93.26,69.41,66.02,23.01,66.02,23.01,66.02,23.01,3.5,84.5,82.5,100,16.5,100,16.5,100,16.5
肯尼亚,Kenya,KE,9.55,94.59,70.73,67.4,23.01,67.4,23.01,67.4,23.01,3.5,85.5,84,100,16.5,100,16.5,100,16.5
亚美尼亚,Armenia,AM,9.6,96.57,72.71,69.48,19.66,69.48,19.66,69.48,19.66,3.5,98,96.5,100,16.5,100,16.5,100,16.5
布隆迪,Burundi,BI,9.62,97.65,73.79,70.61,23.01,70.61,23.01,70.61,23.01,3.5,98,96.5,100,16.5,100,16.5,100,16.5
乍得,Chad,TD,9.62,97.53,73.67,70.48,23.01,70.48,23.01,70.48,23.01,3.5,98,96.5,100,16.5,100,16.5,100,16.5
吉布提,Djibouti,DJ,9.62,97.53,73.67,70.48,23.01,70.48,23.01,70.48,23.01,3.5,88.5,87,100,16.5,100,16.5,100,16.5
加纳,Ghana,GH,9.62,97.53,73.67,70.48,23.01,70.48,23.01,70.48,23.01,3.5,88.5,87,100,16.5,100,16.5,100,16.5
莫桑比克,Mozambique,MZ,9.62,97.53,73.67,70.48,23.01,70.48,23.01,70.48,23.01,3.5,88.5,87,100,16.5,100,16.5,100,16.5
卢旺达,Rwanda,RW,9.62,97.53,73.67,70.48,23.01,70.48,23.01,70.48,23.01,3.5,88.5,87,100,16.5,100,16.5,100,16.5
塞内加尔,Senegal,SN,9.62,97.53,73.67,70.48,23.01,70.48,23.01,70.48,23.01,3.5,88.5,87,100,16.5,100,16.5,100,16.5
乌干达,Uganda,UG,9.62,97.53,73.67,70.48,23.01,70.48,23.01,70.48,23.01,3.5,88.5,87,100,16.5,100,16.5,100,16.5
马达加斯加,Madagascar,MG,9.64,98.6,74.74,71.6,23.01,71.6,23.01,71.6,23.01,3.5,90,88,100,16.5,100,16.5,100,16.5
尼日尔,Niger,NE,9.64,98.6,74.74,71.6,23.01,71.6,23.01,71.6,23.01,3.5,90,88,100,16.5,100,16.5,100,16.5
毛里塔尼亚,Mauritania,MR,9.69,100.73,76.87,73.83,23.01,73.83,23.01,73.83,23.01,3.5,92,90,100,16.5,100,16.5,100,16.5
马里,Mali,ML,9.81,106.16,82.31,79.51,23.01,79.51,23.01,79.51,23.01,3.5,97.5,95.5,100,16.5,100,16.5,100,16.5
秘鲁,Peru,PE,9.81,106.38,82.52,79.73,23.01,79.73,23.01,79.73,23.01,3.5,98,96,76,16.5,109,13,109,13
冈比亚,Gambia,GM,9.84,107.37,83.51,80.77,23.01,80.77,23.01,80.77,23.01,3.5,98,96.5,100,16.5,100,16.5,100,16.5
赤道几内亚,Equatorial Guinea,GQ,9.85,108.2,84.34,81.64,23.01,81.64,23.01,81.64,23.01,3.5,98,96.5,100,16.5,100,16.5,100,16.5
几内亚,Guinea,GN,9.85,108.2,84.34,81.64,23.01,81.64,23.01,81.64,23.01,3.5,99.5,97.5,100,16.5,100,16.5,100,16.5
阿富汗,Afghanistan,AF,9.86,108.54,84.69,82,23.01,82,23.01,82,23.01,3.5,76,76,100,16.5,100,16.5,100,16.5
利比里亚,Liberia,LR,9.91,110.82,86.96,84.37,23.01,84.37,23.01,84.37,23.01,3.5,102.5,100.5,100,16.5,100,16.5,100,16.5
伯利兹,Belize,BZ,10,114.94,91.08,87.72,22.58,87.72,22.58,87.72,22.58,3.5,76,76,100,16.5,100,16.5,100,16.5
海地,Haiti,HT,10,114.94,91.08,87.72,22.58,87.72,22.58,87.72,22.58,3.5,76,76,100,16.5,100,16.5,100,16.5
莱索托,Lesotho,LS,10.12,120.3,96.44,90.57,21.36,90.57,21.36,90.57,21.36,3.5,76,76,100,16.5,100,16.5,100,16.5
马拉维,Malawi,MW,10.12,120.3,96.44,90.57,21.36,90.57,21.36,90.57,21.36,3.5,76,76,100,16.5,100,16.5,100,16.5
斯威士兰,swaziland,SZ,10.12,120.3,96.44,90.57,21.36,90.57,21.36,90.57,21.36,3.5,76.5,75,100,16.5,100,16.5,100,16.5
安哥拉,Angola,AO,10.2,123.8,99.94,98.91,23.43,98.91,23.43,98.91,23.43,3.5,98,96.5,100,16.5,100,16.5,100,16.5
基里巴斯,Kiribati,KI,10.44,134.92,111.06,95,36,95,36,95,36,3.5,76,76,100,16.5,100,16.5,100,16.5
东帝汶,Timor-Leste,TL,10.44,134.92,111.06,100,31,100,31,100,31,3.5,76.5,75,100,16.5,100,16.5,100,16.5
汤加,Tonga,TO,10.44,134.92,111.06,100,31,100,31,100,31,3.5,76.5,75,100,16.5,100,16.5,100,16.5
图瓦卢,Tuvalu,TV,10.44,134.92,111.06,100,31,100,31,100,31,3.5,76.5,75,100,16.5,100,16.5,100,16.5
瓦努阿图,Vanuatu,VU,10.44,134.92,111.06,95,36,95,36,95,36,3.5,76.5,75,100,16.5,100,16.5,100,16.5
巴拉圭,Paraguay,PY,10.47,136.02,112.16,109.19,29.02,109.19,29.02,109.19,29.02,3.5,76.5,75,100,16.5,100,16.5,100,16.5
危地马拉,Guatemala,GT,10.6,142.31,118.46,113.59,21.36,113.59,21.36,113.59,21.36,3.5,76,76,100,16.5,100,16.5,100,16.5
洪都拉斯,Honduras,HN,10.6,142.31,118.46,113.59,28.05,113.59,28.05,113.59,28.05,3.5,76,76,100,16.5,100,16.5,100,16.5
尼加拉瓜,Nicaragua,NI,10.6,142.31,118.46,113.59,21.36,113.59,21.36,113.59,21.36,3.5,76.5,75,100,16.5,100,16.5,100,16.5
纳米比亚,Namibia,NA,10.91,156.25,132.39,128.15,21.36,128.15,21.36,128.15,21.36,3.5,76.5,75,100,16.5,100,16.5,100,16.5
佛得角,Cape Verde,CV,11.21,169.76,145.9,146.29,23.14,146.29,23.14,146.29,23.14,3.5,76,76,100,16.5,100,16.5,100,16.5
科摩罗,Comoros,KM,11.21,169.76,145.9,146.29,23.14,146.29,23.14,146.29,23.14,3.5,76,76,100,16.5,100,16.5,100,16.5
厄立特里亚,Eritrea,ER,11.21,169.76,145.9,146.29,23.14,146.29,23.14,146.29,23.14,3.5,76,76,100,16.5,100,16.5,100,16.5